id;institution_id;pays;code
1;XSS;payment;Morocco
2;Avon matrices;transmitter grow;Kansas XML Point
3;compress Practical;Cotton;Vision-oriented Borders black
4;system;deposit payment;Louisiana
5;heuristic;Colorado Alabama;Practical wireless
6;SCSI;Direct Polarised;Computer Viaduct Faroe
7;Ergonomic Usability;Chief AGP Baby;Sports Michigan HDD
8;Granite Steel;platforms;reboot
9;Bedfordshire;deposit Accounts;Steel Colorado standardization
10;Vermont Chicken engine;Producer attitude-oriented synergistic;Borders connecting
